captured_at,asset_id,release,file,downloads,package
2026-09-20T11:48:04+00:00,572358415,v0.2.0-experimental.1,Duotlet-0.2.0.dmg,1,True
2026-09-20T11:48:04+00:00,572358774,v0.2.0-experimental.1,Duotlet-0.2.0.zip,2,True
2026-09-20T11:48:04+00:00,572359116,v0.2.0-experimental.1,SHA256SUMS.txt,1,False
2026-09-21T12:54:27+00:00,572358415,v0.2.0-experimental.1,Duotlet-0.2.0.dmg,1,True
2026-09-21T12:54:27+00:00,572358774,v0.2.0-experimental.1,Duotlet-0.2.0.zip,2,True
2026-09-21T12:54:27+00:00,572359116,v0.2.0-experimental.1,SHA256SUMS.txt,1,False
2026-09-22T11:44:23+00:00,572358415,v0.2.0-experimental.1,Duotlet-0.2.0.dmg,1,True
2026-09-22T11:44:23+00:00,572358774,v0.2.0-experimental.1,Duotlet-0.2.0.zip,2,True
2026-09-22T11:44:23+00:00,572359116,v0.2.0-experimental.1,SHA256SUMS.txt,1,False
2026-09-23T11:43:18+00:00,572358415,v0.2.0-experimental.1,Duotlet-0.2.0.dmg,1,True
2026-09-23T11:43:18+00:00,572358774,v0.2.0-experimental.1,Duotlet-0.2.0.zip,2,True
2026-09-23T11:43:18+00:00,572359116,v0.2.0-experimental.1,SHA256SUMS.txt,1,False
2026-09-24T11:51:50+00:00,572358415,v0.2.0-experimental.1,Duotlet-0.2.0.dmg,1,True
2026-09-24T11:51:50+00:00,572358774,v0.2.0-experimental.1,Duotlet-0.2.0.zip,2,True
2026-09-24T11:51:50+00:00,572359116,v0.2.0-experimental.1,SHA256SUMS.txt,1,False
2026-09-25T11:55:17+00:00,572358415,v0.2.0-experimental.1,Duotlet-0.2.0.dmg,1,True
2026-09-25T11:55:17+00:00,572358774,v0.2.0-experimental.1,Duotlet-0.2.0.zip,2,True
2026-09-25T11:55:17+00:00,572359116,v0.2.0-experimental.1,SHA256SUMS.txt,1,False
2026-09-26T11:29:35+00:00,572358415,v0.2.0-experimental.1,Duotlet-0.2.0.dmg,1,True
2026-09-26T11:29:35+00:00,572358774,v0.2.0-experimental.1,Duotlet-0.2.0.zip,2,True
2026-09-26T11:29:35+00:00,572359116,v0.2.0-experimental.1,SHA256SUMS.txt,1,False
2026-09-27T12:07:58+00:00,572358415,v0.2.0-experimental.1,Duotlet-0.2.0.dmg,1,True
2026-09-27T12:07:58+00:00,572358774,v0.2.0-experimental.1,Duotlet-0.2.0.zip,2,True
2026-09-27T12:07:58+00:00,572359116,v0.2.0-experimental.1,SHA256SUMS.txt,1,False
2026-09-28T14:02:32+00:00,572358415,v0.2.0-experimental.1,Duotlet-0.2.0.dmg,1,True
2026-09-28T14:02:32+00:00,572358774,v0.2.0-experimental.1,Duotlet-0.2.0.zip,2,True
2026-09-28T14:02:32+00:00,572359116,v0.2.0-experimental.1,SHA256SUMS.txt,1,False
2026-09-29T12:58:30+00:00,572358415,v0.2.0-experimental.1,Duotlet-0.2.0.dmg,1,True
2026-09-29T12:58:30+00:00,572358774,v0.2.0-experimental.1,Duotlet-0.2.0.zip,2,True
2026-09-29T12:58:30+00:00,572359116,v0.2.0-experimental.1,SHA256SUMS.txt,1,False
2026-09-30T12:40:25+00:00,572358415,v0.2.0-experimental.1,Duotlet-0.2.0.dmg,1,True
2026-09-30T12:40:25+00:00,572358774,v0.2.0-experimental.1,Duotlet-0.2.0.zip,2,True
2026-09-30T12:40:25+00:00,572359116,v0.2.0-experimental.1,SHA256SUMS.txt,1,False
2026-10-01T13:23:39+00:00,572358415,v0.2.0-experimental.1,Duotlet-0.2.0.dmg,1,True
2026-10-01T13:23:39+00:00,572358774,v0.2.0-experimental.1,Duotlet-0.2.0.zip,2,True
2026-10-01T13:23:39+00:00,572359116,v0.2.0-experimental.1,SHA256SUMS.txt,1,False
2026-10-02T12:42:03+00:00,572358415,v0.2.0-experimental.1,Duotlet-0.2.0.dmg,1,True
2026-10-02T12:42:03+00:00,572358774,v0.2.0-experimental.1,Duotlet-0.2.0.zip,2,True
2026-10-02T12:42:03+00:00,572359116,v0.2.0-experimental.1,SHA256SUMS.txt,1,False
2026-10-03T11:43:47+00:00,572358415,v0.2.0-experimental.1,Duotlet-0.2.0.dmg,1,True
2026-10-03T11:43:47+00:00,572358774,v0.2.0-experimental.1,Duotlet-0.2.0.zip,2,True
2026-10-03T11:43:47+00:00,572359116,v0.2.0-experimental.1,SHA256SUMS.txt,1,False
2026-10-04T12:26:36+00:00,572358415,v0.2.0-experimental.1,Duotlet-0.2.0.dmg,1,True
2026-10-04T12:26:36+00:00,572358774,v0.2.0-experimental.1,Duotlet-0.2.0.zip,2,True
2026-10-04T12:26:36+00:00,572359116,v0.2.0-experimental.1,SHA256SUMS.txt,1,False
2026-10-05T14:47:40+00:00,572358415,v0.2.0-experimental.1,Duotlet-0.2.0.dmg,1,True
2026-10-05T14:47:40+00:00,572358774,v0.2.0-experimental.1,Duotlet-0.2.0.zip,2,True
2026-10-05T14:47:40+00:00,572359116,v0.2.0-experimental.1,SHA256SUMS.txt,1,False
2026-10-06T13:22:41+00:00,572358415,v0.2.0-experimental.1,Duotlet-0.2.0.dmg,1,True
2026-10-06T13:22:41+00:00,572358774,v0.2.0-experimental.1,Duotlet-0.2.0.zip,2,True
2026-10-06T13:22:41+00:00,572359116,v0.2.0-experimental.1,SHA256SUMS.txt,1,False
2026-10-07T13:30:17+00:00,572358415,v0.2.0-experimental.1,Duotlet-0.2.0.dmg,1,True
2026-10-07T13:30:17+00:00,572358774,v0.2.0-experimental.1,Duotlet-0.2.0.zip,2,True
2026-10-07T13:30:17+00:00,572359116,v0.2.0-experimental.1,SHA256SUMS.txt,1,False
2026-10-08T13:36:20+00:00,572358415,v0.2.0-experimental.1,Duotlet-0.2.0.dmg,1,True
2026-10-08T13:36:20+00:00,572358774,v0.2.0-experimental.1,Duotlet-0.2.0.zip,2,True
2026-10-08T13:36:20+00:00,572359116,v0.2.0-experimental.1,SHA256SUMS.txt,1,False
2026-10-09T13:22:42+00:00,572358415,v0.2.0-experimental.1,Duotlet-0.2.0.dmg,1,True
2026-10-09T13:22:42+00:00,572358774,v0.2.0-experimental.1,Duotlet-0.2.0.zip,2,True
2026-10-09T13:22:42+00:00,572359116,v0.2.0-experimental.1,SHA256SUMS.txt,1,False
